"Module","Type","Classification","Documentation"
"selenium-test-lens-core","io.github.testlens.core.browser.BrowserScriptExecutor","LOW_LEVEL_API","docs/reference/core-model.md"
"selenium-test-lens-core","io.github.testlens.core.logging.CompositeLogSink","ADVANCED_API",""
"selenium-test-lens-core","io.github.testlens.core.logging.ConsoleLogSink","ADVANCED_API",""
"selenium-test-lens-core","io.github.testlens.core.logging.ConsumerLogSink","ADVANCED_API",""
"selenium-test-lens-core","io.github.testlens.core.logging.export.HtmlLogExporter","ADVANCED_API",""
"selenium-test-lens-core","io.github.testlens.core.logging.export.JsonLogExporter","ADVANCED_API",""
"selenium-test-lens-core","io.github.testlens.core.logging.export.LogExportOptions","ADVANCED_API",""
"selenium-test-lens-core","io.github.testlens.core.logging.export.PlainTextLogExporter","ADVANCED_API",""
"selenium-test-lens-core","io.github.testlens.core.logging.export.UiTestLensLogExporter","ADVANCED_API",""
"selenium-test-lens-core","io.github.testlens.core.logging.InMemoryLogSink","ADVANCED_API",""
"selenium-test-lens-core","io.github.testlens.core.logging.TargetDescriptor","ADVANCED_API",""
"selenium-test-lens-core","io.github.testlens.core.logging.UiTestLensEventType","ADVANCED_API",""
"selenium-test-lens-core","io.github.testlens.core.logging.UiTestLensLogEntry$Builder","ADVANCED_API",""
"selenium-test-lens-core","io.github.testlens.core.logging.UiTestLensLogEntry","ADVANCED_API",""
"selenium-test-lens-core","io.github.testlens.core.logging.UiTestLensLogger$Builder","ADVANCED_API",""
"selenium-test-lens-core","io.github.testlens.core.logging.UiTestLensLogger","ADVANCED_API",""
"selenium-test-lens-core","io.github.testlens.core.logging.UiTestLensLogLevel","ADVANCED_API",""
"selenium-test-lens-core","io.github.testlens.core.logging.UiTestLensLogSink","ADVANCED_API",""
"selenium-test-lens-core","io.github.testlens.core.logging.UiTestLensStatus","ADVANCED_API",""
"selenium-test-lens-core","io.github.testlens.core.trace.export.HtmlReportTheme","ADVANCED_API",""
"selenium-test-lens-core","io.github.testlens.core.trace.export.TraceBundleExportOptions$Builder","ADVANCED_API",""
"selenium-test-lens-core","io.github.testlens.core.trace.export.TraceBundleExportOptions","ADVANCED_API",""
"selenium-test-lens-core","io.github.testlens.core.trace.export.TraceHtmlExporter","ADVANCED_API",""
"selenium-test-lens-core","io.github.testlens.core.trace.export.TraceHtmlExportOptions$Builder","ADVANCED_API",""
"selenium-test-lens-core","io.github.testlens.core.trace.export.TraceHtmlExportOptions","ADVANCED_API",""
"selenium-test-lens-core","io.github.testlens.core.trace.export.TraceHtmlReportSection","ADVANCED_API",""
"selenium-test-lens-core","io.github.testlens.core.trace.export.TraceJsonWriter","INTERNAL_STYLE_PUBLIC",""
"selenium-test-lens-core","io.github.testlens.core.trace.export.TraceReportBundleExporter","ADVANCED_API",""
"selenium-test-lens-core","io.github.testlens.core.trace.export.TraceReportSupport","INTERNAL_STYLE_PUBLIC",""
"selenium-test-lens-core","io.github.testlens.core.trace.TraceArtifact","ADVANCED_API",""
"selenium-test-lens-core","io.github.testlens.core.trace.TraceArtifactType","ADVANCED_API",""
"selenium-test-lens-core","io.github.testlens.core.trace.TraceEvent$Builder","ADVANCED_API",""
"selenium-test-lens-core","io.github.testlens.core.trace.TraceEvent","ADVANCED_API",""
"selenium-test-lens-core","io.github.testlens.core.trace.TraceEventType","ADVANCED_API",""
"selenium-test-lens-core","io.github.testlens.core.trace.TraceFailure","ADVANCED_API",""
"selenium-test-lens-core","io.github.testlens.core.trace.TraceJsonExporter","ADVANCED_API",""
"selenium-test-lens-core","io.github.testlens.core.trace.TraceJsonExportOptions$Builder","ADVANCED_API",""
"selenium-test-lens-core","io.github.testlens.core.trace.TraceJsonExportOptions","ADVANCED_API",""
"selenium-test-lens-core","io.github.testlens.core.trace.TraceLogSink","ADVANCED_API",""
"selenium-test-lens-core","io.github.testlens.core.trace.TraceMetadata$Builder","ADVANCED_API",""
"selenium-test-lens-core","io.github.testlens.core.trace.TraceMetadata","ADVANCED_API",""
"selenium-test-lens-core","io.github.testlens.core.trace.RetryOutcomePolicy","USER_API","docs/observability/flakiness.md"
"selenium-test-lens-core","io.github.testlens.core.trace.RetryPolicyViolationException","USER_API","docs/observability/flakiness.md"
"selenium-test-lens-core","io.github.testlens.core.trace.RetrySummary","USER_API","docs/observability/flakiness.md"
"selenium-test-lens-core","io.github.testlens.core.trace.TraceStatus","ADVANCED_API",""
"selenium-test-lens-core","io.github.testlens.core.trace.TraceStep","ADVANCED_API",""
"selenium-test-lens-core","io.github.testlens.core.trace.TraceTimeline","ADVANCED_API",""
"selenium-test-lens-core","io.github.testlens.core.trace.UiTestLensSession","ADVANCED_API",""
"selenium-test-lens-core","io.github.testlens.utils.JsResources","INTERNAL_STYLE_PUBLIC",""
"selenium-test-lens-overlay","io.github.testlens.api.ApiOverlayJs","INTERNAL_STYLE_PUBLIC",""
"selenium-test-lens-overlay","io.github.testlens.api.ApiOverlayPanel","INTERNAL_STYLE_PUBLIC",""
"selenium-test-lens-overlay","io.github.testlens.core.AssertionBadgesJs","INTERNAL_STYLE_PUBLIC",""
"selenium-test-lens-overlay","io.github.testlens.core.HighlightJs","INTERNAL_STYLE_PUBLIC",""
"selenium-test-lens-overlay","io.github.testlens.core.HudPanelJs","INTERNAL_STYLE_PUBLIC",""
"selenium-test-lens-overlay","io.github.testlens.core.OverlayRootManager","INTERNAL_STYLE_PUBLIC",""
"selenium-test-lens-overlay","io.github.testlens.core.ScrollArrowJs","INTERNAL_STYLE_PUBLIC",""
"selenium-test-lens-overlay","io.github.testlens.core.TypeHintJs","INTERNAL_STYLE_PUBLIC",""
"selenium-test-lens-overlay","io.github.testlens.core.UiTestLensRuntimeNames","INTERNAL_STYLE_PUBLIC",""
"selenium-test-lens-overlay","io.github.testlens.core.WaitHudJs","INTERNAL_STYLE_PUBLIC",""
"selenium-test-lens-overlay","io.github.testlens.hud.HudPanel","LOW_LEVEL_API",""
"selenium-test-lens-overlay","io.github.testlens.hud.HudPosition","USER_API","docs/observability/visual-diagnostics.md"
"selenium-test-lens-overlay","io.github.testlens.hud.HudTheme$Builder","USER_API","docs/observability/visual-diagnostics.md"
"selenium-test-lens-overlay","io.github.testlens.hud.HudTheme","USER_API","docs/observability/visual-diagnostics.md"
"selenium-test-lens-overlay","io.github.testlens.hud.HudThemePreset","USER_API","docs/observability/visual-diagnostics.md"
"selenium-test-lens-overlay","io.github.testlens.OverlayConfig$Builder","USER_API","docs/observability/visual-diagnostics.md"
"selenium-test-lens-overlay","io.github.testlens.OverlayConfig","USER_API","docs/observability/visual-diagnostics.md"
"selenium-test-lens-selenium","io.github.testlens.actions.AssertActions$OverlayAssertionResult","LOW_LEVEL_API",""
"selenium-test-lens-selenium","io.github.testlens.actions.AssertActions","LOW_LEVEL_API",""
"selenium-test-lens-selenium","io.github.testlens.actions.HighlightActions","LOW_LEVEL_API",""
"selenium-test-lens-selenium","io.github.testlens.actions.ScrollActions","LOW_LEVEL_API",""
"selenium-test-lens-selenium","io.github.testlens.actions.SmartClickActions","LOW_LEVEL_API",""
"selenium-test-lens-selenium","io.github.testlens.actions.SmartInputActions","LOW_LEVEL_API",""
"selenium-test-lens-selenium","io.github.testlens.actions.TargetResolverActions","LOW_LEVEL_API",""
"selenium-test-lens-selenium","io.github.testlens.actions.TypingActions","LOW_LEVEL_API",""
"selenium-test-lens-selenium","io.github.testlens.core.BlockingOverlayHelper","LOW_LEVEL_API",""
"selenium-test-lens-selenium","io.github.testlens.core.browser.SeleniumBrowserScriptExecutor","INTERNAL_STYLE_PUBLIC",""
"selenium-test-lens-selenium","io.github.testlens.core.Guards$GuardResult","LOW_LEVEL_API",""
"selenium-test-lens-selenium","io.github.testlens.core.Guards","LOW_LEVEL_API",""
"selenium-test-lens-selenium","io.github.testlens.core.OverlayLogger","INTERNAL_STYLE_PUBLIC",""
"selenium-test-lens-selenium","io.github.testlens.core.PageWaits","LOW_LEVEL_API",""
"selenium-test-lens-selenium","io.github.testlens.core.PopupDetector","LOW_LEVEL_API",""
"selenium-test-lens-selenium","io.github.testlens.JsOverlayDebug$AssertionSummary$AssertionTextFormat","ADVANCED_API","docs/advanced/js-overlay-debug.md"
"selenium-test-lens-selenium","io.github.testlens.JsOverlayDebug$AssertionSummary","ADVANCED_API","docs/advanced/js-overlay-debug.md"
"selenium-test-lens-selenium","io.github.testlens.JsOverlayDebug$SoftAssertions","ADVANCED_API","docs/advanced/js-overlay-debug.md"
"selenium-test-lens-selenium","io.github.testlens.JsOverlayDebug","ADVANCED_API","docs/advanced/js-overlay-debug.md"
"selenium-test-lens-selenium","io.github.testlens.OverlayWait","LOW_LEVEL_API",""
"selenium-test-lens-selenium","io.github.testlens.scroll.ScrollElementEdge","LOW_LEVEL_API",""
"selenium-test-lens-selenium","io.github.testlens.scroll.ScrollViewportEdge","LOW_LEVEL_API",""
"selenium-test-lens-selenium","io.github.testlens.selenium.actionability.ActionabilityCheck","ADVANCED_API",""
"selenium-test-lens-selenium","io.github.testlens.selenium.actionability.ActionabilityChecker","ADVANCED_API",""
"selenium-test-lens-selenium","io.github.testlens.selenium.actionability.ActionabilityCheckType","ADVANCED_API",""
"selenium-test-lens-selenium","io.github.testlens.selenium.actionability.ActionabilityFailureReason","ADVANCED_API",""
"selenium-test-lens-selenium","io.github.testlens.selenium.actionability.ActionabilityOptions$Builder","ADVANCED_API",""
"selenium-test-lens-selenium","io.github.testlens.selenium.actionability.ActionabilityOptions","ADVANCED_API",""
"selenium-test-lens-selenium","io.github.testlens.selenium.actionability.ActionabilityReport","ADVANCED_API",""
"selenium-test-lens-selenium","io.github.testlens.selenium.actionability.ActionabilityResult$Builder","ADVANCED_API",""
"selenium-test-lens-selenium","io.github.testlens.selenium.actionability.ActionabilityResult","ADVANCED_API",""
"selenium-test-lens-selenium","io.github.testlens.selenium.actionability.ActionabilityStatus","ADVANCED_API",""
"selenium-test-lens-selenium","io.github.testlens.selenium.assertions.UiAssertionError","USER_API","docs/reference/result-types.md"
"selenium-test-lens-selenium","io.github.testlens.selenium.assertions.UiAssertionFailureReason","USER_API","docs/reference/result-types.md"
"selenium-test-lens-selenium","io.github.testlens.selenium.assertions.UiAssertionOptions$Builder","USER_API","docs/reference/configuration.md"
"selenium-test-lens-selenium","io.github.testlens.selenium.assertions.UiAssertionOptions","USER_API","docs/reference/configuration.md"
"selenium-test-lens-selenium","io.github.testlens.selenium.assertions.UiAssertionResult","USER_API","docs/reference/result-types.md"
"selenium-test-lens-selenium","io.github.testlens.selenium.assertions.UiAssertionStatus","USER_API","docs/reference/result-types.md"
"selenium-test-lens-selenium","io.github.testlens.selenium.assertions.UiExpect$ElementProbe","INTERNAL_STYLE_PUBLIC",""
"selenium-test-lens-selenium","io.github.testlens.selenium.assertions.UiExpect$ElementProbeResult","INTERNAL_STYLE_PUBLIC",""
"selenium-test-lens-selenium","io.github.testlens.selenium.assertions.UiExpect$VisibilityProbe","INTERNAL_STYLE_PUBLIC",""
"selenium-test-lens-selenium","io.github.testlens.selenium.assertions.UiExpect$VisibilityProbeResult","INTERNAL_STYLE_PUBLIC",""
"selenium-test-lens-selenium","io.github.testlens.selenium.assertions.UiExpect","USER_API","docs/elements/assertions.md"
"selenium-test-lens-selenium","io.github.testlens.selenium.auth.AuthCookie","ADVANCED_API",""
"selenium-test-lens-selenium","io.github.testlens.selenium.auth.AuthRestoreOptions$Builder","ADVANCED_API",""
"selenium-test-lens-selenium","io.github.testlens.selenium.auth.AuthRestoreOptions","ADVANCED_API",""
"selenium-test-lens-selenium","io.github.testlens.selenium.auth.AuthRestoreResult","ADVANCED_API",""
"selenium-test-lens-selenium","io.github.testlens.selenium.auth.AuthRestoreStatus","ADVANCED_API",""
"selenium-test-lens-selenium","io.github.testlens.selenium.auth.AuthState","ADVANCED_API",""
"selenium-test-lens-selenium","io.github.testlens.selenium.auth.AuthStateException","ADVANCED_API",""
"selenium-test-lens-selenium","io.github.testlens.selenium.auth.AuthStateJsonExporter","ADVANCED_API",""
"selenium-test-lens-selenium","io.github.testlens.selenium.auth.AuthStateJsonParser","ADVANCED_API",""
"selenium-test-lens-selenium","io.github.testlens.selenium.auth.AuthStateManager","ADVANCED_API",""
"selenium-test-lens-selenium","io.github.testlens.selenium.auth.AuthStateMetadata$Builder","ADVANCED_API",""
"selenium-test-lens-selenium","io.github.testlens.selenium.auth.AuthStateMetadata","ADVANCED_API",""
"selenium-test-lens-selenium","io.github.testlens.selenium.auth.AuthStateOptions$Builder","ADVANCED_API",""
"selenium-test-lens-selenium","io.github.testlens.selenium.auth.AuthStateOptions","ADVANCED_API",""
"selenium-test-lens-selenium","io.github.testlens.selenium.auth.AuthStorageEntry","ADVANCED_API",""
"selenium-test-lens-selenium","io.github.testlens.selenium.auth.AuthStorageType","ADVANCED_API",""
"selenium-test-lens-selenium","io.github.testlens.selenium.business.BusinessAssertionError","ADVANCED_API",""
"selenium-test-lens-selenium","io.github.testlens.selenium.business.BusinessAssertionFailure","ADVANCED_API",""
"selenium-test-lens-selenium","io.github.testlens.selenium.business.BusinessAssertionOptions$Builder","ADVANCED_API",""
"selenium-test-lens-selenium","io.github.testlens.selenium.business.BusinessAssertionOptions","ADVANCED_API",""
"selenium-test-lens-selenium","io.github.testlens.selenium.business.BusinessAssertionResult","ADVANCED_API",""
"selenium-test-lens-selenium","io.github.testlens.selenium.business.BusinessAssertions","ADVANCED_API",""
"selenium-test-lens-selenium","io.github.testlens.selenium.business.BusinessAssertionStatus","ADVANCED_API",""
"selenium-test-lens-selenium","io.github.testlens.selenium.evidence.ScreenshotCapture","ADVANCED_API",""
"selenium-test-lens-selenium","io.github.testlens.selenium.evidence.ScreenshotCaptureException","ADVANCED_API",""
"selenium-test-lens-selenium","io.github.testlens.selenium.evidence.ScreenshotCaptureOptions$Builder","ADVANCED_API",""
"selenium-test-lens-selenium","io.github.testlens.selenium.evidence.ScreenshotCaptureOptions","ADVANCED_API",""
"selenium-test-lens-selenium","io.github.testlens.selenium.evidence.FailureBundleOptions$Builder","USER_API","docs/observability/failure-bundles.md"
"selenium-test-lens-selenium","io.github.testlens.selenium.evidence.FailureBundleOptions","USER_API","docs/observability/failure-bundles.md"
"selenium-test-lens-selenium","io.github.testlens.selenium.evidence.ScreenshotCaptureResult","ADVANCED_API",""
"selenium-test-lens-selenium","io.github.testlens.selenium.evidence.ScreenshotCaptureStatus","ADVANCED_API",""
"selenium-test-lens-selenium","io.github.testlens.selenium.evidence.VideoEvidence","ADVANCED_API",""
"selenium-test-lens-selenium","io.github.testlens.selenium.evidence.VideoEvidenceException","ADVANCED_API",""
"selenium-test-lens-selenium","io.github.testlens.selenium.evidence.VideoEvidenceOptions$Builder","ADVANCED_API",""
"selenium-test-lens-selenium","io.github.testlens.selenium.evidence.VideoEvidenceOptions","ADVANCED_API",""
"selenium-test-lens-selenium","io.github.testlens.selenium.evidence.VideoEvidenceResult","ADVANCED_API",""
"selenium-test-lens-selenium","io.github.testlens.selenium.evidence.VideoEvidenceSource","ADVANCED_API",""
"selenium-test-lens-selenium","io.github.testlens.selenium.evidence.VideoEvidenceStatus","ADVANCED_API",""
"selenium-test-lens-selenium","io.github.testlens.selenium.locator.UiLocator","USER_API","docs/elements/locators.md"
"selenium-test-lens-selenium","io.github.testlens.selenium.locator.UiLocatorDescription","LOW_LEVEL_API",""
"selenium-test-lens-selenium","io.github.testlens.selenium.locator.UiLocatorException","USER_API","docs/reference/result-types.md"
"selenium-test-lens-selenium","io.github.testlens.selenium.locator.UiLocatorOptions$Builder","USER_API","docs/reference/configuration.md"
"selenium-test-lens-selenium","io.github.testlens.selenium.locator.UiLocatorOptions","USER_API","docs/reference/configuration.md"
"selenium-test-lens-selenium","io.github.testlens.selenium.locator.UiLocatorSelectors","LOW_LEVEL_API",""
"selenium-test-lens-selenium","io.github.testlens.selenium.network.NetworkAssertionError","ADVANCED_API",""
"selenium-test-lens-selenium","io.github.testlens.selenium.network.NetworkCaptureMode","ADVANCED_API",""
"selenium-test-lens-selenium","io.github.testlens.selenium.network.NetworkDiagnostics","ADVANCED_API",""
"selenium-test-lens-selenium","io.github.testlens.selenium.network.NetworkDiagnosticsException","ADVANCED_API",""
"selenium-test-lens-selenium","io.github.testlens.selenium.network.NetworkDiagnosticsOptions$Builder","ADVANCED_API",""
"selenium-test-lens-selenium","io.github.testlens.selenium.network.NetworkDiagnosticsOptions","ADVANCED_API",""
"selenium-test-lens-selenium","io.github.testlens.selenium.network.NetworkDiagnosticsResult","ADVANCED_API",""
"selenium-test-lens-selenium","io.github.testlens.selenium.network.NetworkDiagnosticsStatus","ADVANCED_API",""
"selenium-test-lens-selenium","io.github.testlens.selenium.network.NetworkEvent","ADVANCED_API",""
"selenium-test-lens-selenium","io.github.testlens.selenium.network.NetworkEventType","ADVANCED_API",""
"selenium-test-lens-selenium","io.github.testlens.selenium.network.NetworkFailure","ADVANCED_API",""
"selenium-test-lens-selenium","io.github.testlens.selenium.network.NetworkHudFilter$Builder","ADVANCED_API","docs/advanced/network.md"
"selenium-test-lens-selenium","io.github.testlens.selenium.network.NetworkHudFilter","ADVANCED_API","docs/advanced/network.md"
"selenium-test-lens-selenium","io.github.testlens.selenium.network.NetworkLogExporter","ADVANCED_API",""
"selenium-test-lens-selenium","io.github.testlens.selenium.network.NetworkRequest","ADVANCED_API",""
"selenium-test-lens-selenium","io.github.testlens.selenium.network.NetworkResponse","ADVANCED_API",""
"selenium-test-lens-selenium","io.github.testlens.selenium.network.NetworkResponseExpectation","ADVANCED_API",""
"selenium-test-lens-selenium","io.github.testlens.selenium.network.NetworkSummary","ADVANCED_API",""
"selenium-test-lens-selenium","io.github.testlens.selenium.network.NetworkWaitCondition$Builder","ADVANCED_API",""
"selenium-test-lens-selenium","io.github.testlens.selenium.network.NetworkWaitCondition","ADVANCED_API",""
"selenium-test-lens-selenium","io.github.testlens.selenium.network.NetworkWaitFailureReason","ADVANCED_API",""
"selenium-test-lens-selenium","io.github.testlens.selenium.network.NetworkWaitResult","ADVANCED_API",""
"selenium-test-lens-selenium","io.github.testlens.selenium.network.NetworkWaitStatus","ADVANCED_API",""
"selenium-test-lens-selenium","io.github.testlens.selenium.overlay.OverlayAction","ADVANCED_API",""
"selenium-test-lens-selenium","io.github.testlens.selenium.overlay.OverlayActionType","ADVANCED_API",""
"selenium-test-lens-selenium","io.github.testlens.selenium.overlay.OverlayHandler$Builder","ADVANCED_API",""
"selenium-test-lens-selenium","io.github.testlens.selenium.overlay.OverlayHandler","ADVANCED_API",""
"selenium-test-lens-selenium","io.github.testlens.selenium.overlay.OverlayHandlingResult","ADVANCED_API",""
"selenium-test-lens-selenium","io.github.testlens.selenium.overlay.OverlayHandlingStatus","ADVANCED_API",""
"selenium-test-lens-selenium","io.github.testlens.selenium.overlay.OverlayPolicy$Builder","ADVANCED_API",""
"selenium-test-lens-selenium","io.github.testlens.selenium.overlay.OverlayPolicy","ADVANCED_API",""
"selenium-test-lens-selenium","io.github.testlens.selenium.overlay.OverlayPolicyExecutor","INTERNAL_STYLE_PUBLIC",""
"selenium-test-lens-selenium","io.github.testlens.selenium.SeleniumOverlayFactory","LOW_LEVEL_API",""
"selenium-test-lens-selenium","io.github.testlens.selenium.steps.UiStepError","USER_API","docs/advanced/steps-business-assertions.md"
"selenium-test-lens-selenium","io.github.testlens.selenium.steps.UiStepFailure","USER_API","docs/advanced/steps-business-assertions.md"
"selenium-test-lens-selenium","io.github.testlens.selenium.steps.UiStepOptions$Builder","USER_API","docs/advanced/steps-business-assertions.md"
"selenium-test-lens-selenium","io.github.testlens.selenium.steps.UiStepOptions","USER_API","docs/advanced/steps-business-assertions.md"
"selenium-test-lens-selenium","io.github.testlens.selenium.steps.UiStepResult","USER_API","docs/advanced/steps-business-assertions.md"
"selenium-test-lens-selenium","io.github.testlens.selenium.steps.UiStepScope","INTERNAL_STYLE_PUBLIC",""
"selenium-test-lens-selenium","io.github.testlens.selenium.steps.UiStepStatus","USER_API","docs/advanced/steps-business-assertions.md"
"selenium-test-lens-selenium","io.github.testlens.TestLens","USER_API","docs/reference/test-lens.md"
"selenium-test-lens-selenium","io.github.testlens.TestLensAlert","USER_API","docs/browser-context/alerts.md"
"selenium-test-lens-selenium","io.github.testlens.TestLensFinalizationResult","USER_API","docs/reference/result-types.md"
"selenium-test-lens-selenium","io.github.testlens.TestLensOptions$Builder","USER_API","docs/reference/configuration.md"
"selenium-test-lens-selenium","io.github.testlens.TestLensOptions","USER_API","docs/reference/configuration.md"
"selenium-test-lens-junit5","io.github.testlens.junit5.TestLensExtension$Builder","USER_API","docs/integrations/junit5.md"
"selenium-test-lens-junit5","io.github.testlens.junit5.TestLensExtension","USER_API","docs/integrations/junit5.md"
"selenium-test-lens-testng","io.github.testlens.testng.TestLensTestNg","USER_API","docs/integrations/testng.md"
"selenium-test-lens-testng","io.github.testlens.testng.TestLensTestNgContext","USER_API","docs/integrations/testng.md"
"selenium-test-lens-testng","io.github.testlens.testng.TestLensTestNgFactory","USER_API","docs/integrations/testng.md"
"selenium-test-lens-testng","io.github.testlens.testng.TestLensTestNgListener","USER_API","docs/integrations/testng.md"
"selenium-test-lens-react","io.github.testlens.react.actionability.ReactActionabilityChecker","ADVANCED_API",""
"selenium-test-lens-react","io.github.testlens.react.actionability.ReactActionabilityOptions$Builder","ADVANCED_API",""
"selenium-test-lens-react","io.github.testlens.react.actionability.ReactActionabilityOptions","ADVANCED_API",""
"selenium-test-lens-react","io.github.testlens.react.actionability.ReactActionabilityReport","ADVANCED_API",""
"selenium-test-lens-react","io.github.testlens.react.actionability.ReactReadinessCheckType","ADVANCED_API",""
"selenium-test-lens-react","io.github.testlens.react.actionability.ReactReadinessFailureReason","ADVANCED_API",""
"selenium-test-lens-react","io.github.testlens.react.actionability.ReactReadinessResult$Builder","ADVANCED_API",""
"selenium-test-lens-react","io.github.testlens.react.actionability.ReactReadinessResult","ADVANCED_API",""
"selenium-test-lens-react","io.github.testlens.react.ReactOverlaySupport","ADVANCED_API",""
"selenium-test-lens-react","io.github.testlens.react.ReactSafeExecutor","ADVANCED_API",""
"selenium-test-lens-react","io.github.testlens.react.ReactSelectHelper","ADVANCED_API",""
"selenium-test-lens-react","io.github.testlens.react.ReactSupport","ADVANCED_API",""
